,0
0,ability
1,able
2,access
3,accommodations
4,across
5,action
6,actionable
7,activities
8,ad
9,additional
10,advanced
11,age
12,ai
13,algorithms
14,also
15,amazon
16,apple
17,applicable
18,applicants
19,application
20,applications
21,applied
22,apply
23,applying
24,approaches
25,architecture
26,areas
27,around
28,assist
29,aws
30,bachelor
31,background
32,based
33,basic
34,basis
35,believe
36,benefits
37,best
38,bi
39,big
40,bring
41,bs
42,build
43,building
44,business
45,businesses
46,ca
47,california
48,candidate
49,candidates
50,capabilities
51,care
52,career
53,challenges
54,change
55,class
56,classification
57,client
58,clients
59,clinical
60,closely
61,cloud
62,code
63,coding
64,collaborate
65,collaborative
66,color
67,com
68,come
69,comfortable
70,committed
71,communicate
72,communication
73,community
74,companies
75,company
76,competitive
77,complex
78,comprehensive
79,computer
80,computing
81,concepts
82,conduct
83,consider
84,consideration
85,consumer
86,content
87,contribute
88,core
89,create
90,creating
91,creative
92,critical
93,cross
94,culture
95,current
96,customer
97,customers
98,dashboards
99,data
100,database
101,databases
102,datasets
103,day
104,decision
105,decisions
106,deep
107,define
108,degree
109,deliver
110,delivering
111,delivery
112,demonstrated
113,dental
114,department
115,description
116,design
117,designing
118,detail
119,develop
120,developing
121,development
122,different
123,digital
124,disability
125,discipline
126,discriminate
127,distributed
128,diverse
129,diversity
130,drive
131,driven
132,driving
133,duties
134,dynamic
135,economics
136,edge
137,education
138,effective
139,effectively
140,efficiency
141,employee
142,employees
143,employer
144,employment
145,enable
146,end
147,ensure
148,enterprise
149,environment
150,equal
151,equivalent
152,essential
153,etc
154,etl
155,evaluate
156,every
157,excel
158,excellent
159,existing
160,experience
161,experienced
162,experiences
163,expert
164,expertise
165,expression
166,external
167,facebook
168,familiarity
169,family
170,fast
171,features
172,federal
173,field
174,finance
175,financial
176,find
177,findings
178,first
179,flexible
180,focus
181,focused
182,following
183,frameworks
184,francisco
185,full
186,functional
187,functions
188,future
189,gender
190,generation
191,get
192,global
193,goals
194,good
195,google
196,great
197,group
198,grow
199,growing
200,growth
201,hadoop
202,hands
203,health
204,healthcare
205,help
206,helping
207,high
208,highly
209,hiring
210,hive
211,ideal
212,ideas
213,identify
214,identity
215,impact
216,implement
217,implementation
218,implementing
219,improve
220,improvement
221,include
222,including
223,inclusive
224,independently
225,individual
226,individuals
227,industry
228,information
229,infrastructure
230,initiatives
231,innovation
232,innovative
233,insights
234,insurance
235,integration
236,intelligence
237,internal
238,issues
239,java
240,job
241,join
242,key
243,know
244,knowledge
245,language
246,languages
247,large
248,law
249,lead
250,leadership
251,leading
252,learn
253,learning
254,least
255,level
256,levels
257,life
258,like
259,local
260,location
261,looking
262,love
263,machine
264,maintain
265,make
266,making
267,manage
268,management
269,managers
270,marital
271,market
272,marketing
273,master
274,mathematics
275,may
276,medical
277,meet
278,member
279,members
280,methods
281,metrics
282,microsoft
283,millions
284,minimum
285,mining
286,mission
287,ml
288,mobile
289,model
290,modeling
291,models
292,ms
293,multi
294,multiple
295,must
296,national
297,need
298,needed
299,needs
300,network
301,new
302,next
303,non
304,offer
305,office
306,one
307,online
308,open
309,operational
310,operations
311,opportunities
312,opportunity
313,optimization
314,optimize
315,organization
316,orientation
317,oriented
318,origin
319,others
320,outcomes
321,paced
322,paid
323,part
324,partner
325,partners
326,passion
327,passionate
328,pay
329,people
330,perform
331,performance
332,phd
333,physical
334,pipelines
335,plan
336,platform
337,platforms
338,please
339,plus
340,policy
341,position
342,power
343,practices
344,predictive
345,preferred
346,present
347,problem
348,problems
349,process
350,processes
351,processing
352,product
353,production
354,products
355,professional
356,proficiency
357,proficient
358,program
359,programming
360,programs
361,project
362,projects
363,protected
364,proven
365,provide
366,provides
367,providing
368,python
369,qualifications
370,qualified
371,quality
372,quantitative
373,questions
374,quickly
375,race
376,real
377,reasonable
378,receive
379,recommendations
380,record
381,regard
382,related
383,relationships
384,relevant
385,religion
386,report
387,reporting
388,reports
389,required
390,requirements
391,research
392,resources
393,responsibilities
394,responsible
395,results
396,right
397,risk
398,role
399,sales
400,san
401,scalable
402,scale
403,scripting
404,search
405,security
406,see
407,seeking
408,self
409,senior
410,service
411,services
412,set
413,sets
414,sex
415,sexual
416,similar
417,skills
418,small
419,software
420,solution
421,solutions
422,solve
423,solving
424,source
425,sources
426,space
427,spark
428,specific
429,sql
430,staff
431,stakeholders
432,state
433,statistical
434,statistics
435,status
436,strategic
437,strategies
438,strategy
439,strong
440,success
441,successful
442,support
443,system
444,systems
445,tableau
446,take
447,tasks
448,team
449,teams
450,tech
451,technical
452,techniques
453,technologies
454,technology
455,tensorflow
456,test
457,testing
458,time
459,together
460,tools
461,top
462,track
463,training
464,trends
465,type
466,understand
467,understanding
468,unique
469,us
470,use
471,used
472,user
473,users
474,using
475,value
476,values
477,variety
478,various
479,verbal
480,veteran
481,vision
482,visualization
483,want
484,way
485,ways
486,web
487,well
488,wide
489,within
490,without
491,work
492,working
493,world
494,would
495,writing
496,written
497,www
498,year
499,years
